{ 
  "WIDTH": 766.00000000, 
  "HEIGHT": 2058.00000000, 
  "dx": 2.25000000, 
  "dy": 2.25000000, 
  "Courant_num": 0.20000000, 
  "NLSW_or_Bous": 1.00000000, 
  "base_depth": 18.43148780, 
  "g": 9.81000000, 
  "Theta": 1.50000000, 
  "friction": 0.00100000, 
  "isManning": 0.00000000, 
  "dissipation_threshold": 0.30000000, 
  "whiteWaterDecayRate": 0.90000000, 
  "timeScheme": 2.00000000, 
  "seaLevel": 0.00000000, 
  "Bcoef": 0.06666667, 
  "tridiag_solve": 2.00000000, 
  "west_boundary_type": 2.00000000, 
  "east_boundary_type": 1.00000000, 
  "south_boundary_type": 1.00000000, 
  "north_boundary_type": 1.00000000, 
  "significant_wave_height": 5.00000000, 
  "lat_LL": 44.58741667, 
  "lon_LL": -124.08508333, 
  "lat_UR": 44.62908333, 
  "lon_UR": -124.06341667, 
  "GoogleMapOverlay": 1.00000000 
} 
